"202"!#"0026"!#""!#"0026"!#""!#"0026__09530"!#"191"!#"P"!#"LOV"!#"05"!#""!#""!#"Nouvelle résidence contemporaine proposant des séjours en double hauteur, duplex ou mezzanine..."!#""!#"20090921"!#"11:54:34"!#"0"!#""!#"20100525"!#"10:32:26"!#"1791"
"356"!#"0027"!#""!#"0079"!#"58F"!#"0079_58F_07133"!#"335"!#"P"!#"SLI"!#""!#""!#""!#""!#""!#"20100420"!#"11:21:52"!#"20100420"!#"11:27:26"!#"20100420"!#"11:29:18"!#"51897"
"377"!#"0010"!#""!#"0010"!#""!#"0010__08172"!#"356"!#"P"!#"LOV"!#"04"!#""!#""!#"rejoignez nous les 5 et 6 novembre de 10h à 18h.<BR>Un conseiller financier sera<BR>TVAà 5,5% possible!<BR>Ideal primo accédant."!#""!#"20100518"!#"15:06:36"!#"20101102"!#"17:36:03"!#"20101122"!#"18:53:54"!#"700"
"396"!#"0026"!#""!#"0026"!#""!#"0026__09531"!#"373"!#"P"!#"LOV"!#"05"!#""!#""!#"Les 4, 5 et 6 juin 2010 devenez propriétaire dans un nouveau quartier entre parc et mail paysager."!#""!#"20100525"!#"10:47:17"!#"0"!#""!#"20120921"!#"10:05:44"!#"1791"
"410"!#"0026"!#""!#"0026"!#""!#"0026__09524"!#"384"!#"P"!#"LOV"!#"05"!#""!#""!#"Les 25, 26, 27 juin 2010 réservez votre week-end et profitez  de 3 jours à prix exceptionnels pour devenir propriétaire !"!#""!#"20100608"!#"15:34:59"!#"0"!#""!#"20120921"!#"10:05:40"!#"1791"
"413"!#"0010"!#""!#"0010"!#""!#"0010__08167"!#"387"!#"P"!#"LOV"!#"04"!#""!#""!#"Portes ouvertes les 18,19 et 20 juin."!#""!#"20100611"!#"09:33:39"!#"0"!#""!#"20100629"!#"10:31:51"!#"700"
"528"!#"0038"!#""!#"0038"!#""!#"0038__09798"!#"517"!#"P"!#"LOV"!#"05"!#""!#""!#"Les 6 et 7 novembre. Soyez les premiers à en profiter ! Découvrez Villanatura, la première résidence BBC du Quartier Etoile."!#""!#"20101018"!#"15:34:22"!#"20101107"!#"00:10:35"!#"20110112"!#"15:24:31"!#"394"
"554"!#"0010"!#""!#"0010"!#""!#"0010__08167"!#"541"!#"P"!#"SLI"!#""!#"TRAVAUX EN COURS"!#""!#""!#""!#"20101122"!#"18:57:11"!#"20110106"!#"17:10:30"!#"20110106"!#"17:32:47"!#"700"
"578"!#"0010"!#""!#"0010"!#""!#"0010__06253"!#"555"!#"P"!#"LOV"!#"15"!#""!#""!#"TVA à 5,5% possible!<BR>Profitez aussi du nouveau PTZ+.<BR>"!#""!#"20110104"!#"17:44:25"!#"20110310"!#"15:36:43"!#"20110608"!#"17:02:06"!#"700"
"611"!#"0010"!#""!#"0010"!#""!#"0010__08166"!#"584"!#"P"!#"LOV"!#"15"!#""!#""!#"Profitez également du dispositif scellier 22%.<BR>Batiment BBC en cours de labellisation."!#""!#"20110208"!#"15:25:51"!#"20110310"!#"15:35:42"!#"20110401"!#"14:35:10"!#"700"
"611"!#"0010"!#""!#"0010"!#""!#"0010__08166"!#"585"!#"S"!#"LOV"!#"15"!#""!#""!#"TVA à 5,5% possible sous certaines conditions.<BR>Profiter du dispositif  scellier 22%.<BR>Logement BBC en cous de labellisation."!#""!#"20110208"!#"15:25:51"!#"0"!#""!#"20110401"!#"14:35:10"!#"700"
"754"!#"0010"!#""!#"0010"!#""!#"0010__08166"!#"733"!#"P"!#"SLI"!#""!#"LIVRAISON IMMEDIATE"!#""!#"Dernières opportunités. APARTEMENTS 3 ET 4 PIECES."!#""!#"20110720"!#"10:51:28"!#"20140203"!#"10:02:55"!#"20170119"!#"08:58:32"!#"640"
"785"!#"0026"!#""!#"0026"!#""!#"0026__09533"!#"770"!#"P"!#"LOV"!#"05"!#""!#""!#"Les 14, 15 et 16 octobre 2011 réservez votre week-end et profitez de 3 jours à prix exceptionnels pour devenir propriétaire !"!#""!#"20110920"!#"10:56:18"!#"0"!#""!#"20130528"!#"14:29:57"!#"1791"
"796"!#"0027"!#""!#"0026"!#""!#"0026__09533"!#"782"!#"P"!#"LOV"!#"09"!#""!#""!#""!#""!#"20110928"!#"16:12:27"!#"20120607"!#"17:29:20"!#"0"!#""!#"0"
"869"!#"0050"!#""!#"0050"!#""!#"0050__87023"!#"858"!#"P"!#"SLI"!#""!#"RESIDENCE ETUDIANTS"!#""!#"A proximité d'Euromediterranée<BR>Face au métro"!#""!#"20120217"!#"14:16:58"!#"20121126"!#"10:51:44"!#"20131029"!#"10:18:36"!#"427"
"981"!#"0026"!#""!#"0026"!#""!#"0026__09539"!#"965"!#"P"!#"LOV"!#"05"!#""!#""!#"Les 12, 13 et 14 octobre 2012 réservez votre week-end et profitez de 3 jours à prix exceptionnels pour devenir propriétaire !"!#""!#"20120921"!#"10:33:38"!#"0"!#""!#"20150929"!#"16:37:42"!#"1791"
"1051"!#"0026"!#""!#"0026"!#""!#"0026__09524"!#"1000"!#"P"!#"LOV"!#"09"!#""!#""!#"Bénéficiez des frais de notaire offerts pour nos toutes dernières opportunités..."!#""!#"20121122"!#"12:34:07"!#"0"!#""!#"20130528"!#"14:30:04"!#"1791"
"1067"!#"0056"!#""!#"0056"!#""!#"0056__06771"!#"1013"!#"P"!#"LOV"!#"10"!#""!#""!#"Ondres au Sud des Landes - Centre bourg - 16 maisons 3 à 5P - Environnement de qualité"!#""!#"20130115"!#"11:05:37"!#"20130515"!#"11:37:53"!#"20130716"!#"10:36:31"!#"581"
"1067"!#"0056"!#""!#"0056"!#""!#"0056__06771"!#"1014"!#"S"!#"LOV"!#"10"!#""!#""!#" Au sud des lances à Ondres, un programme de 16 maisons, au centre bourg, dans un quartier pavillonaire."!#""!#"20130115"!#"11:05:37"!#"20130415"!#"09:23:31"!#"20130716"!#"10:36:31"!#"581"
"1113"!#"0010"!#""!#"0010"!#""!#"0010__08199"!#"1043"!#"P"!#"SLI"!#""!#"NOUVELLE TRANCHE DE MAISONS"!#""!#""!#""!#"20130311"!#"11:56:22"!#"20150625"!#"10:23:29"!#"0"!#""!#"0"
"1114"!#"0010"!#""!#"0010"!#""!#"0010__06253"!#"1044"!#"P"!#"SLI"!#""!#"JOURNEE PORTE OUVERTE LE 6 AVRIL"!#""!#"A LOUER APPARTEMENT DU 2 AU 4 PIECES. <BR>A L'ANGLE DE LA RUE PIGOUCHE ET BEAUCOURT."!#""!#"20130311"!#"16:40:46"!#"20130418"!#"16:18:05"!#"20140722"!#"15:09:14"!#"64960"
"1118"!#"0050"!#""!#"0050"!#""!#"0050__87023"!#"1049"!#"P"!#"SLI"!#""!#"SOIREE CONFERENCE"!#""!#"'INVESTIR DANS LA PIERRE'<BR>Jeudi 11 Avril à 18 h 30<BR>10 Cours Mirabeau<BR>à AIX EN PROVENCE"!#""!#"20130320"!#"09:54:43"!#"20130408"!#"10:34:11"!#"0"!#""!#"0"
"1167"!#"0050"!#""!#"0050"!#""!#"0050__87030"!#"1113"!#"P"!#"SLI"!#""!#"LANCEMENT 2E TRANCHE"!#""!#"RESIDENCE AVEC PRIX EN TVA 5.5%<BR>(soumis à conditions de revenus)"!#""!#"20130808"!#"15:57:43"!#"20140424"!#"18:34:00"!#"0"!#""!#"0"
"1168"!#"0050"!#""!#"0050"!#""!#"0050__87010"!#"1114"!#"P"!#"SLI"!#""!#"LANCEMENT 2E TRANCHE"!#""!#"DU 15 AU 18 MAI"!#""!#"20130808"!#"15:59:18"!#"20140424"!#"18:22:02"!#"0"!#""!#"0"
"1169"!#"0050"!#""!#"0050"!#""!#"0050__87010"!#"1115"!#"P"!#"LOV"!#"07"!#""!#""!#"3 RESIDENCES AU CHOIX"!#""!#"20130821"!#"16:47:35"!#"20130902"!#"12:07:19"!#"0"!#""!#"0"
"1167"!#"0050"!#""!#"0050"!#""!#"0050__87030"!#"1118"!#"S"!#"LOV"!#"15"!#""!#""!#""!#""!#"20130909"!#"15:26:26"!#"20140424"!#"18:34:00"!#"0"!#""!#"0"
"1173"!#"0011"!#""!#"0011"!#""!#"0011__07728"!#"1122"!#"P"!#"SLI"!#""!#"OUVERTURE A LA VENTE 20&21 SEPT"!#""!#""!#""!#"20130912"!#"17:03:41"!#"0"!#""!#"20131115"!#"09:20:56"!#"128185"
"1189"!#"0011"!#""!#"0011"!#""!#"0011__11006"!#"1147"!#"P"!#"SLI"!#""!#"TRAVAUX EN COURS"!#""!#""!#""!#"20131115"!#"10:06:08"!#"20131129"!#"16:43:32"!#"0"!#""!#"0"
"1193"!#"0050"!#""!#"0050"!#""!#"0050__87030"!#"1151"!#"P"!#"LOV"!#"10"!#""!#""!#"RESIDENCE AVEC PRIX EN TVA 7%<BR>(Soumis à condition de revenus)"!#""!#"20131202"!#"10:05:12"!#"20131217"!#"10:48:24"!#"0"!#""!#"0"
"1205"!#"0010"!#""!#"0010"!#""!#"0010__08172"!#"1166"!#"P"!#"SLI"!#""!#"LANCEMENT LES 4, 5 ET 6 AVRIL"!#""!#"APPARTEMENTS A VENDRE EN PLEIN CUR DE WATTRELOS. OFFRES EXCEPTIONNELLES DU 4 AU 6/04. RDV AU 122 RUE CARNOT A WATTRELOS."!#""!#"20140325"!#"12:07:49"!#"0"!#""!#"0"!#""!#"0"
"1247"!#"0050"!#""!#"0050"!#""!#"0050__08638"!#"1207"!#"P"!#"SLI"!#""!#"Idéal Investisseur"!#""!#"A frejus Proche du centre ville, des commerces, ecoles et services des appartements de 2 et 3P. <BR>"!#""!#"20150626"!#"16:19:39"!#"0"!#""!#"0"!#""!#"0"
